<?xml version="1.0" encoding="UTF-8"?>
<beans xmlns="http://www.springframework.org/schema/beans"
	xmlns:xsi="http://www.w3.org/2001/XMLSchema-instance"
	xmlns:mvc="http://www.springframework.org/schema/mvc"
	xmlns:context="http://www.springframework.org/schema/context"
	xsi:schemaLocation="
        http://www.springframework.org/schema/mvc http://www.springframework.org/schema/mvc/spring-mvc-3.0.xsd
        http://www.springframework.org/schema/beans http://www.springframework.org/schema/beans/spring-beans-3.0.xsd
        http://www.springframework.org/schema/context http://www.springframework.org/schema/context/spring-context-3.0.xsd">

  <!-- DispatcherServlet Context: defines this servlet's request-processing infrastructure -->

  <!-- @Controller, @Service, @Configuration, etc. -->
  <context:component-scan base-package="com.pedigrees.controller" />
  
  
  <!-- Enables the Spring MVC @Controller programming model -->
  <mvc:annotation-driven />



  <!-- Enables Spring MVC’s view resolver to resolve view templates  -->
  <bean class="org.springframework.web.servlet.view.InternalResourceViewResolver">
		<property name="prefix" value="/WEB-INF/jsp/" />
		<property name="suffix" value=".jsp" />
  </bean>
  
  <!-- Defines web binding and validation  -->
  <bean class="org.springframework.web.servlet.mvc.annotation.AnnotationMethodHandlerAdapter">
		<property name="webBindingInitializer">
			<!-- Configures Spring MVC DataBinder instances -->
			<bean class="org.springframework.web.bind.support.ConfigurableWebBindingInitializer">
			       <property name="validator" ref="validator" />
			</bean>
		</property>
  </bean>

  <!-- Creates the JSR-303 Validator -->
  <bean id="validator" class="org.springframework.validation.beanvalidation.LocalValidatorFactoryBean" />

</beans>