<beans xmlns="http://www.springframework.org/schema/beans"
	xmlns:xsi="http://www.w3.org/2001/XMLSchema-instance"
	xsi:schemaLocation="http://www.springframework.org/schema/beans
	http://www.springframework.org/schema/beans/spring-beans-3.0.xsd">
 
    <bean id="logCfg" class="com.pedigrees.model.services.logservice.LogServer">
		<property name="propFileLocation" value="/home/Ish/Desktop/MSSE672_Week8E/EPedigreeThreadedServers/config/log4j.properties"/>
	</bean>
 
	<bean id="netCfg" class="com.pedigrees.model.services.networkservice.NetworkServer">
		<property name="networkPort" value="8189" />
		<property name="networkAddress" value="127.0.0.1" />
	</bean>
        
    <bean id="jdbcCfg" class="com.pedigrees.model.services.jdbcservice.JDBCServer">
		<property name="jDBCDriver" value="com.mysql.jdbc.Driver" />
		<property name="jDBCUrl" value="jdbc:mysql://localhost/epedigree" />
        <property name="jDBCUser" value="root" />
        <property name="jDBCPassword" value="admin" />
	</bean>
</beans>